"ID","Type","Name","Documentation","Source","Target","Specialization"
"id-a5930babb9b6448497498b1c1bbe17c6","AggregationRelationship","","","id-172e726793ce49f89ee709a3b9b04c50","id-82b5337ec5cf4692ae3780e117de6b9e",""
"id-f8449abb9dcb42c2bbcaf3f7b414daa2","AggregationRelationship","","","id-172e726793ce49f89ee709a3b9b04c50","id-48b41e9ec6c349eab832b710f178a4f8",""
"id-0af29d027573480b988cd9f31e7ba82b","AggregationRelationship","","","id-172e726793ce49f89ee709a3b9b04c50","id-24fc1a0c8be742ec9ad49a46b80d8868",""
"id-6731f8e4f1304686810dd1b199bbfeea","AggregationRelationship","","","id-172e726793ce49f89ee709a3b9b04c50","id-6ebb40cfcf4d45dd8bd69a01c9504772",""
"id-1a7869854487482c9930207b790c26d8","AggregationRelationship","","","id-172e726793ce49f89ee709a3b9b04c50","id-4c535732a8594f6995292995383de9f4",""
"id-58983e45eb5b456cbee293a31397ce6f","AggregationRelationship","","","id-172e726793ce49f89ee709a3b9b04c50","id-d0af6d84a8054b87b0981a5e1578bdf9",""
"id-39ade93970984bdd94a0b144f0086737","AggregationRelationship","","","id-172e726793ce49f89ee709a3b9b04c50","id-6259b4ca642a40d79369d7c3ee645b64",""
"id-9102acc8e1fd4988a69e4faed0047cfb","AssociationRelationship","aangeboden in","","id-7388f9378fbf4fc9ac576c3873845ef6","id-eb2819fde65c48cf9b8ff56aa0901912",""
"id-1d152979136d4fd9a993043df6a4cc4e","AssociationRelationship","aanvaarding van","","id-81ede37f2711494aa97e662e2b11d48c","id-eb2819fde65c48cf9b8ff56aa0901912",""
"id-cd4bb60330504371b72ebe01d110eeaa","AssociationRelationship","achter","","id-088beb20dc2e4b4dab0ab84a94492c5e","id-b5fdb4a3a3d14e8cb165e26124bda1ca",""
"id-95c141aab937425282c3fa81537b68d4","AssociationRelationship","actief op","","id-f4d85bf035b44adeb3b39a4b8b65aad9","id-b5fdb4a3a3d14e8cb165e26124bda1ca",""
"id-c177fb33e5d148d68ab6369b33c86c18","AssociationRelationship","afroep van","","id-b733064c47a248f089892c924f091e20","id-7738e392860e43c39faffadc5f8f301a",""
"id-79f9f54168d64dfe932e433fb833c72f","AssociationRelationship","afspraak over of aanvaarding van","","id-1f485eebf5bb4b3f8955bd6c9513f790","id-7738e392860e43c39faffadc5f8f301a",""
"id-ea024f3206004d8f9c8b33af384afe07","AssociationRelationship","autorisatie voor","","id-4cbbb3e3148e417eade2a4cefe7758e6","id-82a181fbd7834e20853999e9b44898fc",""
"id-f3cfb72b669f4d5e86a82ccfcc934e09","AssociationRelationship","basis voor","","id-81ede37f2711494aa97e662e2b11d48c","id-4cbbb3e3148e417eade2a4cefe7758e6",""
"id-a0eda574fa33489c9dfbb53b9e5c25c1","AssociationRelationship","basis voor","","id-81ede37f2711494aa97e662e2b11d48c","id-b37ed16c90ef4046bcfd5a16c3441291",""
"id-bd9b00a68d114625a3a1a286cf588ce0","AssociationRelationship","basis voor","","id-ebf6b657c2c04e5ab60a707edb30b3dd","id-ee6e29ec5b194394a9e795baceea1d17",""
"id-495e7b7c14854f9f8d40fa73b45dc44a","AssociationRelationship","basis voor","","id-ebcfe49519e3459ea2397b80a88a1dd1","id-4cbbb3e3148e417eade2a4cefe7758e6",""
"id-26c4e48ecbf74bd9bb720dad19fd4cc7","AssociationRelationship","basis voor","","id-10fc654f762d4ed48bea4a3cb53b43f5","id-4cbbb3e3148e417eade2a4cefe7758e6",""
"id-40b456ab0c014e89a42454d658dc4a36","AssociationRelationship","begin of einde van","","id-0d30b2c5ef3a44f7826f016de583c044","id-75f2ac9f1f244756a1a4c7270df76d4e",""
"id-e76259d1e1bc4b71a473abdc8ac44eda","AssociationRelationship","betrokkene in","","id-f4d85bf035b44adeb3b39a4b8b65aad9","id-051d13a69f3c4fd6bdca18aabbe53f44",""
"id-69ad05f2c76348dd86abfd6875c5eb3c","AssociationRelationship","betrokkene in","","id-495781d94e4841e3a30902d841859b63","id-2027f24532d54a0d8b3aada900fc7667",""
"id-ecb737dcabea40b0b505e283f8d4483c","AssociationRelationship","demander in","","id-495781d94e4841e3a30902d841859b63","id-e5fe2578caad42c7be58a249511f3f57",""
"id-7176c11c207f4b8c91036d7a8e22d438","AssociationRelationship","gebaseerd op","","id-d8f5ee4b497f4dff99a77804055443f7","id-3752914c4eda48e3961542a9f19c0e87",""
"id-e40318fd16d74712a1560fc62fa7bfee","AssociationRelationship","gepland in","","id-0d30b2c5ef3a44f7826f016de583c044","id-69a996a6f1864656b7d326c42d71b251",""
"id-ebed4f5169be4684bb08d0892baf25f3","AssociationRelationship","gepland in","","id-0d30b2c5ef3a44f7826f016de583c044","id-d8f5ee4b497f4dff99a77804055443f7",""
"id-c6ae4b24a5ce4d4da7e26d4be9d5f647","AssociationRelationship","gepland in","","id-3628fee0375443819ead9bcb8d58532b","id-376d8deaaf5e4dc3868cc5ab9a8b0a4c",""
"id-d1f9e5a2a9d648299f4b739e38d702ae","AssociationRelationship","in","","id-b5fdb4a3a3d14e8cb165e26124bda1ca","id-bbf1e6fb137645c98cc78187f34ae8dc",""
"id-d2ac90b1c1a74af78427e120b6c18ef6","AssociationRelationship","in gebied van","","id-fe81c04e891d4749b7908bc6dc863398","id-81bbbe72a49d4406a5886ffc9c91b937",""
"id-6b1fc976fed541928e7cba243e524f04","AssociationRelationship","in gebied van","","id-fe81c04e891d4749b7908bc6dc863398","id-ebcd889d3d1d4541b66636515a8d53f3",""
"id-a820d9212e30466386bc17a17d47d9fa","AssociationRelationship","indiener van","","id-495781d94e4841e3a30902d841859b63","id-a1a95576134f4db9bcd6fd1c540a88fa",""
"id-c6a5f5ae0a1a4ab89fd56aa9c1a41d8f","AssociationRelationship","indiener van","","id-f4d85bf035b44adeb3b39a4b8b65aad9","id-697d9706039c4563bc7e2ecad105bf49",""
"id-5a965659a7af47079b29572bac7e95b7","AssociationRelationship","ingezet als","","id-8f82571f2c2e4b68be23c14840fa9eac","id-f093fcef204a435fa30cdb14d5d734e9",""
"id-ad5985a2bff24642a97c56db7ed3a795","AssociationRelationship","ingezet op","","id-f093fcef204a435fa30cdb14d5d734e9","id-fe81c04e891d4749b7908bc6dc863398",""
"id-b243e51c1eb44a8faa9bce0a29fa37fb","AssociationRelationship","met","","id-cadd67d16bb54c5e900f7e060d82a01e","id-495781d94e4841e3a30902d841859b63",""
"id-5391733b5e1e4a95b54f08ff836d2db2","AssociationRelationship","mitigatie van","","id-10fc654f762d4ed48bea4a3cb53b43f5","id-5bb63bca7de2479b85cd85023ee694b8",""
"id-7a796c7ce435403383a7bd868f95613e","AssociationRelationship","mitigatie van","","id-10fc654f762d4ed48bea4a3cb53b43f5","id-565e36ff26084f86962e5bb47946da97",""
"id-05fa5d037ddb4ca3924c8c05757d75ce","AssociationRelationship","of","","id-accb0e79fff8425f868d8fb7e137ec72","id-a6da45a637d941afa20b356075babf4c",""
"id-6dfbe6fec27f4178a68ca8a2083b1641","AssociationRelationship","of","","id-e8310b6507504c1eb6eedba530efadc2","id-a6da45a637d941afa20b356075babf4c",""
"id-f7ebf15e5af64fb0801b5736fcaef5d1","AssociationRelationship","on","","id-e44926d447264f8e82bf6ddccb20b7f8","id-accb0e79fff8425f868d8fb7e137ec72",""
"id-b7e7aef6896a4f0cada5cc14e7f8e062","AssociationRelationship","oorzaak van","","id-fe81c04e891d4749b7908bc6dc863398","id-5bb63bca7de2479b85cd85023ee694b8",""
"id-8422bf6bdb4a4650bba4868db408b936","AssociationRelationship","oorzaak van","","id-fe81c04e891d4749b7908bc6dc863398","id-565e36ff26084f86962e5bb47946da97",""
"id-9bdce3f3857842dfb53a25cd4cc633f7","AssociationRelationship","oorzaak van","","id-ebcfe49519e3459ea2397b80a88a1dd1","id-75f2ac9f1f244756a1a4c7270df76d4e",""
"id-b754608f4e28430ab5bb606c05264ac3","AssociationRelationship","oorzaak van","","id-75f2ac9f1f244756a1a4c7270df76d4e","id-a65b7143178040b4aa7be5f204bbcdb2",""
"id-51006a76690d4d4a962bad5487fe64f8","AssociationRelationship","op","","id-3628fee0375443819ead9bcb8d58532b","id-b5fdb4a3a3d14e8cb165e26124bda1ca",""
"id-eb579f639c0e4e33ac4feb3c6f270634","AssociationRelationship","op","","id-b5fdb4a3a3d14e8cb165e26124bda1ca","id-b3f5e7d3c0d94c838f98a1e3868974e7",""
"id-da8e0bc899dc4c04b342f9d3e0227a0f","AssociationRelationship","op","","id-9d15176cf584487f8ba7d0f635da1c7f","id-fe81c04e891d4749b7908bc6dc863398",""
"id-381416772ff24f54a8dcbf25460de3a4","AssociationRelationship","op basis van","","id-ebf6b657c2c04e5ab60a707edb30b3dd","id-fe81c04e891d4749b7908bc6dc863398",""
"id-f7ff5d24650a4b81a9371565892208d1","AssociationRelationship","op basis van","","id-6f19a7f8f358431284a798ccd0fb02f6","id-fe81c04e891d4749b7908bc6dc863398",""
"id-09592370a1f44602b8e41619af993707","AssociationRelationship","over","","id-accb0e79fff8425f868d8fb7e137ec72","id-e8310b6507504c1eb6eedba530efadc2",""
"id-281fc2fb6d4a41459a2d8bf9593efe70","AssociationRelationship","over","","id-139c3b5dfe174afaaa15745fa61d443c","id-fe81c04e891d4749b7908bc6dc863398",""
"id-784a0f18ddd14ffeb5c804a38cf837de","AssociationRelationship","realization of connection service offered on","","id-e5fe2578caad42c7be58a249511f3f57","id-accb0e79fff8425f868d8fb7e137ec72",""
"id-53a314476f4f4828ab264baad02a896e","AssociationRelationship","realization of transport service offered on","","id-e5fe2578caad42c7be58a249511f3f57","id-e8310b6507504c1eb6eedba530efadc2",""
"id-09ac03fefaf346029df7b2d5a06c5ef6","AssociationRelationship","toegewezen aan","","id-3628fee0375443819ead9bcb8d58532b","id-f4d85bf035b44adeb3b39a4b8b65aad9",""
"id-0c9bb089b4cd46b0bf051a6f8a79b82c","AssociationRelationship","uit","","id-c03e5240ee3f4ea6904da6705b8b00f7","id-7654f4453cdb469a9bc4692026f3f824",""
"id-3235ac909c95421f91c52834c512ec4b","AssociationRelationship","van","","id-6b390b7d8f3442f6941eb4e47dda61f3","id-f093fcef204a435fa30cdb14d5d734e9",""
"id-982a7b4f034846f0b5575395b6e1df7d","AssociationRelationship","van","","id-41ea546715de417da15cde71c088e2a4","id-f093fcef204a435fa30cdb14d5d734e9",""
"id-f46f60e59ef34a90b3ca1e73857839e2","AssociationRelationship","van","","id-3d9c3804c1d24fecbc611344c2cff34d","id-3628fee0375443819ead9bcb8d58532b",""
"id-62fd182eda64422298fb6d189afb2c55","AssociationRelationship","van","","id-75f2ac9f1f244756a1a4c7270df76d4e","id-fe81c04e891d4749b7908bc6dc863398",""
"id-44b1d824340c4e55b3795a3a5b004a11","AssociationRelationship","van","","id-87f8d8a5d9504343a3ec44b95910489b","id-495781d94e4841e3a30902d841859b63",""
"id-0aba4b58a67648ceaa85a24923e7d155","AssociationRelationship","van","","id-59b5699524a04a72965cf9cbd3340255","id-495781d94e4841e3a30902d841859b63",""
"id-085cd853108540bfbfb7229abfa24470","AssociationRelationship","van","","id-3f92e1b826144dc8902d31186917c937","id-495781d94e4841e3a30902d841859b63",""
"id-44a979c25380498896e8974b5f23ed90","AssociationRelationship","van","","id-e44e4277c66448ca8aa7e8a9596843ff","id-8f82571f2c2e4b68be23c14840fa9eac",""
"id-b271128406d846b98f334818efbe5417","AssociationRelationship","van","","id-883fe9e750a74185977245cdbacdd4ff","id-fe81c04e891d4749b7908bc6dc863398",""
"id-3e367739dec9495ba9ad7ebc597f6701","AssociationRelationship","van of met","","id-3d9c3804c1d24fecbc611344c2cff34d","id-fe81c04e891d4749b7908bc6dc863398",""
"id-017e0aaf8f2c4104b2cb61ca8671a248","AssociationRelationship","verhandeld op","","id-3628fee0375443819ead9bcb8d58532b","id-a61af5ac26304429af234d00d355944e",""
"id-19e9bc4251ee4a47af0b87968c1ae1cd","AssociationRelationship","verzoek om","","id-a1a95576134f4db9bcd6fd1c540a88fa","id-eb2819fde65c48cf9b8ff56aa0901912",""
"id-bf3613b74d8c44d2b540f3caf5ced376","AssociationRelationship","verzoek om","","id-ee6e29ec5b194394a9e795baceea1d17","id-7738e392860e43c39faffadc5f8f301a",""
"id-986bb5d637784b57b582e6cfc5eb4856","AssociationRelationship","voor","","id-687fb3ca499a4f579f5f7773ace4b1e5","id-82a181fbd7834e20853999e9b44898fc",""
"id-42ac6a49bd2341cdab83b99a2612c164","AssociationRelationship","voor","","id-c8d2e75cf0cd4b51aa6e2936a0fc8ed9","id-fe81c04e891d4749b7908bc6dc863398",""
"id-26011f0315f54e5b9e16c1129b830ee3","AssociationRelationship","voor","","id-e4d0678561084b7b924456f218ebeb2c","id-fe81c04e891d4749b7908bc6dc863398",""
"id-91f7ee035c0a42769db35332d3ea85bb","AssociationRelationship","voor","","id-9a6b6da49a4f4391afee55119ccd497f","id-b5fdb4a3a3d14e8cb165e26124bda1ca",""
"id-55a2f0a5b1264f1d9ad3c24c6fbf8522","AssociationRelationship","voor","","id-bec67a0dcba148a3918752d2a849c142","id-f093fcef204a435fa30cdb14d5d734e9",""
"id-34dd428bbcab458f9bfea8db2d98fbd2","AssociationRelationship","voor","","id-b2b7be8b26634e5381f9145cbe11492c","id-82a181fbd7834e20853999e9b44898fc",""
"id-5c9d73c1bb564db289f961dd405deb78","AssociationRelationship","voor","","id-0226168dbaae4f98bccb26e27959ac51","id-10fc654f762d4ed48bea4a3cb53b43f5",""
"id-4aa8ec07b55c44509de9b26a7276bd4f","AssociationRelationship","voor","","id-c03e5240ee3f4ea6904da6705b8b00f7","id-82a181fbd7834e20853999e9b44898fc",""
"id-28c6b4bb4b934061a244ab9b1280ae44","AssociationRelationship","voor","","id-e44e4277c66448ca8aa7e8a9596843ff","id-82a181fbd7834e20853999e9b44898fc",""
"id-c67c7962425546158fa32c7bc561e772","AssociationRelationship","voor uitvoering van","","id-4cbbb3e3148e417eade2a4cefe7758e6","id-d8f5ee4b497f4dff99a77804055443f7",""
"id-ca97f63645084107b454c473a8ee9c18","AssociationRelationship","voor uitvoering van","","id-4cbbb3e3148e417eade2a4cefe7758e6","id-69a996a6f1864656b7d326c42d71b251",""
"id-0a99ff740c4844cfa5a34256e07c1a93","AssociationRelationship","voorziet in","","id-bec67a0dcba148a3918752d2a849c142","id-b6e7aa3a80b24fb98fc9e39f5300ddc0",""
"id-51c23d6dbe564c8d842588b5b22dd46d","AssociationRelationship","voorziet in","","id-10fc654f762d4ed48bea4a3cb53b43f5","id-657c24cde2a046958c986af236db2855",""
"id-34be9154d5744702aa7fe15794ba3b05","AssociationRelationship","wederpartij in","","id-f4d85bf035b44adeb3b39a4b8b65aad9","id-1f485eebf5bb4b3f8955bd6c9513f790",""
"id-faa3c3b0e6284c03befb75901cc80fee","CompositionRelationship","","","id-97fe20117ced45f4bca50c78bfba3a89","id-e396da8082fb4f8eb2ab9c1ced946336",""
"id-64efc3535ab14f7b9658ee685a77f120","CompositionRelationship","","","id-73415a16fe184956b5f7a7bf60721b57","id-b9c5e222753c481caccf86679a72e40e",""
"id-5058775367f54d47aef47f0d033e921d","CompositionRelationship","","","id-660fb325606841a388a26a69ec9695c7","id-ef9f2f0808c942eaa315087ce6f60b24",""
"id-1c2e2117df444e54bbc519eee35bbfca","CompositionRelationship","","","id-8f2ba0e02f6d4c98b5184393a4d91e0e","id-fa51b2cd169d4bf68345de4025f2e0de",""
"id-58a2114614cf4627a399297f3ca3034e","CompositionRelationship","","","id-4264a569a51a48d698f7b0a05ebadf41","id-e3c0092ba95f4fb6ad2ee01b557e0d09",""
"id-41d7b9471d9a40c0bf8e998e379c2a49","CompositionRelationship","","","id-c2ab9c8b38be48ce81ddbdbe8f4b4393","id-1df7c7026bc040aab686a46c5558a108",""
"id-59331878263444f68c4d7495b0df2454","CompositionRelationship","","","id-acef0b7a7f3142b99a099733454b6486","id-bef06a66d3c44ca8aac2d1117d613f77",""
"id-44e875f899924e5793b09c3a2fbbc5c0","CompositionRelationship","","","id-b6f8f6beedec4e678bb0efb92a4e64d0","id-7d70a4ddde534f3b83f62c1a2bb30c0b",""
"id-819165fd12d6422cb6acf71e04e3f388","CompositionRelationship","","","id-4264a569a51a48d698f7b0a05ebadf41","id-b36272d4bebe438880fa014aedc7b202",""
"id-2157a57e1b8741b48fa4b8dff5e4e7b7","CompositionRelationship","","","id-67eb04eaa5154207a732112ff213560d","id-956d39e96e864103a358888355767b65",""
"id-441d8f8becd848ea9317883f0983819b","CompositionRelationship","","","id-a7d50a90ab494e1c90f6bd377b7d23b6","id-00240c52eab24fedaeb81073c9931de8",""
"id-428879249239435e99224ca0fc5ab85c","CompositionRelationship","","","id-0eaa689404bd4d29bc56447f4e2dd339","id-24e8e1fcd569454cacd1358b3f9d6b6a",""
"id-45357a12c68d469e95f7798c017fa44a","CompositionRelationship","","","id-4c535732a8594f6995292995383de9f4","id-73415a16fe184956b5f7a7bf60721b57",""
"id-7b6b93a10dba42b0a753682c12975050","CompositionRelationship","","","id-ae0d19a6c65a4bbb97a3a06688749577","id-9e7101de89e64575b027819052e6e575",""
"id-fa2d1aab594c4f82890b7ba62d55c1df","CompositionRelationship","","","id-f62fae9ce3174216828349cc2ee37677","id-ab5e8e20c3e642afa223bba057a98e8c",""
"id-ba230ecca6504907905adc508c49712d","CompositionRelationship","","","id-c57db3190db94cceba6b9f9e1b8da790","id-e4e8f5178cd84e94a4c675d52ced6770",""
"id-6c67cfbc6e464a298c91d3c91da241a7","CompositionRelationship","","","id-2089d6f53a9a4cfd8026914d59525ce8","id-7918af1f276042c7b88ce3c684fcf39f",""
"id-4aabc0c14e3048f48b09f6f992db59e8","CompositionRelationship","","","id-4c535732a8594f6995292995383de9f4","id-9f97a962e4de41f48c58a2abc882aaea",""
"id-4c27b5587f5745d597375abe6b64d096","CompositionRelationship","","","id-ae0d19a6c65a4bbb97a3a06688749577","id-06c85ee463454fa5812d4db8884dc67d",""
"id-428a65f2656241a5aefbc7f140e961b7","CompositionRelationship","","","id-6caa29aaebce4f3e8f3b15b5efb93610","id-d2753b52b321478e8b34c28b505bd9ce",""
"id-d80552ab0d204cf1ac387efba70a5516","CompositionRelationship","","","id-219bd4fb0093441994ab886e3de5e20a","id-7b1dc7e6a6e540d4b543948b58a97eb7",""
"id-854678202e984e2cb71de4ef932338c1","CompositionRelationship","","","id-93942103c8bb491d87e4eed1902b138d","id-f1dc6c86c37c4e4b8f2a2690d07665fe",""
"id-fb558ab9cfc446cd92534a2ce15680f3","CompositionRelationship","","","id-24594cd3d95747308e772c69e647dd11","id-2b26b73af45e4a1f98d54fbc1e80daa3",""
"id-e16465aa700c4bad9eda595eb67423cb","CompositionRelationship","","","id-241dc54c6a564f8ba65332efd8d9ff1b","id-d382169a31634bd3a07f34605d1edd2e",""
"id-a268a3a29df441ae9ffba1d9d430c4e2","CompositionRelationship","","","id-b771748d1ce646028dad856d8cf72957","id-f189d5b7bd974048b7adb86dcfe2a730",""
"id-0f9ed704f383448d999b44783ad9f4f0","CompositionRelationship","","","id-a6f7d39a7adb467bb25f17be2959a11a","id-cda301f5f89c4b6d87227a6c94fc711c",""
"id-ac64a87e0da944b4806f21bf5b5e88db","CompositionRelationship","","","id-b771748d1ce646028dad856d8cf72957","id-e536ba6cfb2247ac8a80fd20636ecc14",""
"id-a226294bc6fa4c9ca66c9ac1290b4a4c","CompositionRelationship","","","id-c5327bffb10943f5928e89fabd1153a8","id-e763acd5f9ec4c33b63130f3c1642117",""
"id-63c10517eaaa45b581c646af12abf689","CompositionRelationship","","","id-03eaa022562d4c22824096bad91bb9cc","id-72d58915be0e4caf98cdfc557a0074f1",""
"id-3a1c52fc9c3b4967bd1f12a5dd0e2dcd","CompositionRelationship","","","id-a53612488d64410a97e2fd82e70c255a","id-c9d1817302f84910a6bb493c4f9dc8df",""
"id-5daa804ca55f4d658bb771ea7fe7981c","CompositionRelationship","","","id-50227bc388e8400d998bd448feda054e","id-8121c1c6b58843229e90af88dc1274ce",""
"id-f8b0d831c2654d3bb38bc0b7db820aee","CompositionRelationship","","","id-706f841cdcc3409c8d8d0361dfb92ee9","id-5a79b9f3f76f4513ba0289a86e8bb0f1",""
"id-182877a7c4f44ba5818e286717041e0b","CompositionRelationship","","","id-a7d50a90ab494e1c90f6bd377b7d23b6","id-59c7206b03dc4f2abad528c6911a46a2",""
"id-2de83ea73f0641de9cb7a301a9a520c2","CompositionRelationship","","","id-7d7d078c20e74ece82ee36957b73f3a3","id-7db006012be041f1a27c90c0384ec004",""
"id-867c91fb0637492fb43e67134481d8fa","CompositionRelationship","","","id-97fe20117ced45f4bca50c78bfba3a89","id-164e0f6201c649b5923a2a280cefd9b1",""
"id-c7da0e4d6c0248f9a4f57eb51a0f80c8","CompositionRelationship","","","id-acef0b7a7f3142b99a099733454b6486","id-b117659d079a451a87920de22328bb0f",""
"id-6450e28d96e04f5ebd1f029f649ceafc","CompositionRelationship","","","id-50227bc388e8400d998bd448feda054e","id-9cf4d1f4dc9044f9b6dddfe425c5ea5a",""
"id-c7202ab3f06f4ae6b3588e819d6db92a","CompositionRelationship","","","id-4973788028b44c089b43e84bf8ce2247","id-4f570b16511b42b289e5a0cca5d23249",""
"id-c5b73466af10433e93153a108332d26f","CompositionRelationship","","","id-fd02c24947024bde9201d8433fc6f65d","id-548ac80881eb4b259bf01427ff95cbec",""
"id-b5e5d0cf47204e0cbc971e977f1b6f63","CompositionRelationship","","","id-93942103c8bb491d87e4eed1902b138d","id-1e8c459c3be544c2b4653118b8ffbf28",""
"id-e7d6de8036a34f6dae92da81c127338a","CompositionRelationship","","","id-48b41e9ec6c349eab832b710f178a4f8","id-660fb325606841a388a26a69ec9695c7",""
"id-fe5840f78f824aec90d3ca8d257e6807","CompositionRelationship","","","id-2089d6f53a9a4cfd8026914d59525ce8","id-6a9027191c9246d0bd5df1787f054f67",""
"id-f6970d17e87f46cfbdf4e945f2873dd4","CompositionRelationship","","","id-b771748d1ce646028dad856d8cf72957","id-9df6c0c34f9843599e122d0a644d8127",""
"id-1f8946cc32134f1ab8f8a1de0f841611","CompositionRelationship","","","id-c66353c42a6f4ba7bb646becc41e9426","id-241dc54c6a564f8ba65332efd8d9ff1b",""
"id-18c39e2b78d3451781904b6eabb9cd5a","CompositionRelationship","","","id-956d39e96e864103a358888355767b65","id-5e5db88ab46648879dd0a176a9853786",""
"id-c485c20e5cc640d0859bac44413ee7a9","CompositionRelationship","","","id-e9b444cd09f24733a1521733f669f6df","id-1a61b0bf9af3492982fd68abbdc386ab",""
"id-42d915dc00f7489a814ec33260129576","CompositionRelationship","","","id-f1515cba52e042f591fed76077eec1e6","id-4264a569a51a48d698f7b0a05ebadf41",""
"id-2c536322cede478eb1f7805b89ae4813","CompositionRelationship","","","id-706f841cdcc3409c8d8d0361dfb92ee9","id-36fe569d602b49b396c909a5474aa441",""
"id-e7d93c9ef229479981f8944bca635e2c","CompositionRelationship","","","id-03eaa022562d4c22824096bad91bb9cc","id-082aa2ef2acb467bb1f9d7bb6a8255c3",""
"id-0651729fc55c4a8d8fdf1f1925d4134b","CompositionRelationship","","","id-8f2ba0e02f6d4c98b5184393a4d91e0e","id-ba09eb27d86c42d9bde3020f1af19d4e",""
"id-73081efbf1ad4dc3b05467845f993c09","CompositionRelationship","","","id-93942103c8bb491d87e4eed1902b138d","id-b9b5fa3a218c45099346942701630439",""
"id-713e452fdf4846db9d54cf01dccb7889","CompositionRelationship","","","id-acef0b7a7f3142b99a099733454b6486","id-6864c8eb913b4f8583dcfb0c4c836fc1",""
"id-e95ffb7e2be94c05bcd71e6ff8cb724a","CompositionRelationship","","","id-b771748d1ce646028dad856d8cf72957","id-284846c427004acf91897115c0a3f4fc",""
"id-d6520345dd384f508ff6cf7f49cac9a0","CompositionRelationship","","","id-b771748d1ce646028dad856d8cf72957","id-a0d55afe4eef464da18a2e9df80cab99",""
"id-b45bede6a70f46daa5f7aa1303ab2497","CompositionRelationship","","","id-b771748d1ce646028dad856d8cf72957","id-e536ba6cfb2247ac8a80fd20636ecc14",""
"id-f8b93fa5585643d2ad6db42b85fd15aa","CompositionRelationship","","","id-6259b4ca642a40d79369d7c3ee645b64","id-c050c67dc53f4a69b920d7dcdf59f4d9",""
"id-c9c324c4e08e4d7bac9267716c21892f","CompositionRelationship","","","id-2089d6f53a9a4cfd8026914d59525ce8","id-f1975be0b4df4f84bbf0e1ded5356dac",""
"id-320a8d5233ed40a7a536c0124c41a8d7","CompositionRelationship","","","id-2089d6f53a9a4cfd8026914d59525ce8","id-ecaeacf02abe4b91852c137374ff416f",""
"id-ce952e6f4d7e4891b7394fbda377a3f2","CompositionRelationship","","","id-956d39e96e864103a358888355767b65","id-23f0f663c09041719c0752d8c145e616",""
"id-d356ab2e19b14492ab9bb93e96b7fb26","CompositionRelationship","","","id-a09af2c21f15471b95368b34ea23d4e9","id-f160dacde58b40d8b842c45103cfa368",""
"id-8f89f42f7565418cb28861334add0bd9","CompositionRelationship","","","id-d971d1fcff574327a60c26c4733cd771","id-bf19f056577143079209dd8b37726c5e",""
"id-3834c288cda24ff19f8a6cb9dbf53973","CompositionRelationship","","","id-c57db3190db94cceba6b9f9e1b8da790","id-77134757a8544784b9329e2f3b170abf",""
"id-a338aecb355749f6a2e41702221a3e76","CompositionRelationship","","","id-1c188bb315e54e92823b13d1785738cd","id-422a7538e282451f9439ddfb8ad19d70",""
"id-d99373c5ee2341518997d5393b3794b7","CompositionRelationship","","","id-1c188bb315e54e92823b13d1785738cd","id-00f369d3c3014b11aca44017f3bded79",""
"id-7a4837e1b4e14ba6a711c187a544022a","CompositionRelationship","","","id-956d39e96e864103a358888355767b65","id-6b1144a86e324e97a42d8703d39d7001",""
"id-7e262162fd1242d9a6c032a3f1aef40f","CompositionRelationship","","","id-0eaa689404bd4d29bc56447f4e2dd339","id-1757ce16d49e42f5bb9165eade99ac30",""
"id-731eab89da42459eb70f69585f92e264","CompositionRelationship","","","id-24fc1a0c8be742ec9ad49a46b80d8868","id-a6f7d39a7adb467bb25f17be2959a11a",""
"id-4b4132a7d68349ba9b2af8fd68ffc25c","CompositionRelationship","","","id-d8b4f627519641db8f437ec17c25e6d0","id-4c0ae7fde823424eb6c6bdb77c2b71bf",""
"id-4f6ac6cd162c41cd8b781e02df434485","CompositionRelationship","","","id-c66353c42a6f4ba7bb646becc41e9426","id-2089d6f53a9a4cfd8026914d59525ce8",""
"id-379e6b62951349458b05349e2ca73c8a","CompositionRelationship","","","id-c66353c42a6f4ba7bb646becc41e9426","id-b771748d1ce646028dad856d8cf72957",""
"id-983aacade15b4347873750a8ad5b2981","CompositionRelationship","","","id-6ebb40cfcf4d45dd8bd69a01c9504772","id-50227bc388e8400d998bd448feda054e",""
"id-d1c049ea5e5849acaf6f5ee42d12c8c2","CompositionRelationship","","","id-4973788028b44c089b43e84bf8ce2247","id-5dda5820046f48509bba9c497c489707",""
"id-2a57d3298cb84c52bd35c45262632f6a","CompositionRelationship","","","id-50227bc388e8400d998bd448feda054e","id-406a7002b9f94d7a8b5d41fe8830806d",""
"id-37fb1a4b995f4b839061d3ffeb512a72","CompositionRelationship","","","id-e9b444cd09f24733a1521733f669f6df","id-70d18d2cf07b460297a12846e27c31d1",""
"id-cb4e7f9f90ae42d7bea74b2990abd383","CompositionRelationship","","","id-4264a569a51a48d698f7b0a05ebadf41","id-903e9199ca104d3eb8ff0b5b2130df59",""
"id-6605a64d33f14783b0cc73148af9f489","CompositionRelationship","","","id-93942103c8bb491d87e4eed1902b138d","id-7aae0dc09d32420ba6d628f2484764e8",""
"id-03fa62f8457742fb9577439c69d4ad55","CompositionRelationship","","","id-c050c67dc53f4a69b920d7dcdf59f4d9","id-0016545c293749c1813b6d1c9ed0d20c",""
"id-17420a7350d84cafaee12d20aaa2fe7d","CompositionRelationship","","","id-c2ab9c8b38be48ce81ddbdbe8f4b4393","id-cadebbd9605d4921be6ce6e2781f16f3",""
"id-4995881891ee499fb5019d9cdf2b6e9b","CompositionRelationship","","","id-4264a569a51a48d698f7b0a05ebadf41","id-13160190503f4482bdfb1847aaec67a0",""
"id-17bc67652c4b401c9dd58036c88652c6","CompositionRelationship","","","id-956d39e96e864103a358888355767b65","id-ef2cc03b82514fa39a808e9823c9a1db",""
"id-9e9502ff0f754a5fa4a74b22aaf5fca1","CompositionRelationship","","","id-ae8d1522e85440c6b2ee20cf6dd410a8","id-1dbde8ac00894413a0757f6092f71012",""
"id-04199b859cf2424e9f46f1cbff3ff234","CompositionRelationship","","","id-03eaa022562d4c22824096bad91bb9cc","id-7d2593842c454045a7c6386b44386ea0",""
"id-416ab000c6c74a9dbe7b4c12fde9f66e","CompositionRelationship","","","id-0eaa689404bd4d29bc56447f4e2dd339","id-50a01d4245e04e0abfc0344ebf75b1f0",""
"id-e6387d8d35924b858a6424ce157846d9","CompositionRelationship","","","id-f1515cba52e042f591fed76077eec1e6","id-03eaa022562d4c22824096bad91bb9cc",""
"id-2e4d57e0ae8c462fa6929e1a16ff0cae","CompositionRelationship","","","id-b771748d1ce646028dad856d8cf72957","id-ecb7e31850e74a6e9f6a3678946c4a43",""
"id-81cb974367ab42e694540a0ca216bd70","CompositionRelationship","","","id-c57db3190db94cceba6b9f9e1b8da790","id-c2e6151282314c73a542cdfbeb847dda",""
"id-0225f4d8d4a94df593d5d70d07c57c49","CompositionRelationship","","","id-24fc1a0c8be742ec9ad49a46b80d8868","id-f62fae9ce3174216828349cc2ee37677",""
"id-437d65153bf141729dc2687afdabb914","CompositionRelationship","","","id-1c188bb315e54e92823b13d1785738cd","id-da233b1ecdc842b18a6424ee76242d52",""
"id-b5661e6b08ec4f50952c8f5d9ccbb4a6","CompositionRelationship","","","id-1a9a6799b5f9401b9082b9e8264df885","id-1c188bb315e54e92823b13d1785738cd",""
"id-ed799a601358438d82a4e9194dddd8b4","CompositionRelationship","","","id-f62fae9ce3174216828349cc2ee37677","id-78d8943675c54b88869b6187c3facf53",""
"id-da91022e30f3473994c588b06ce2a024","CompositionRelationship","","","id-0eaa689404bd4d29bc56447f4e2dd339","id-3f5579f8dcbe47339bde86f8efcb07f7",""
"id-296e08deef694d24ae9e5a40339b5a4f","CompositionRelationship","","","id-0eaa689404bd4d29bc56447f4e2dd339","id-3a9c03c107734950a66126bc6b235f31",""
"id-1746ad880c7a4d798b780dafd6b52584","CompositionRelationship","","","id-97fe20117ced45f4bca50c78bfba3a89","id-745e2c8790e84e6bb257f20f485e8c63",""
"id-2480c909ab314cebb7f12c0b5cbf9c4a","CompositionRelationship","","","id-c2ab9c8b38be48ce81ddbdbe8f4b4393","id-30fc5dfce6ee440aae2fb1c27dacb9a2",""
"id-84dae1a5ce734253b9770097a98ed6a4","CompositionRelationship","","","id-660fb325606841a388a26a69ec9695c7","id-046f4063ad0b4999af727ea5fb6e9fa3",""
"id-108ae860572e4031b235faede7eaa345","CompositionRelationship","","","id-4973788028b44c089b43e84bf8ce2247","id-02527f34f2f743e291d9707620f3f99a",""
"id-5bb48925b37448558f7cb1fbd9f5e8e3","CompositionRelationship","","","id-6259b4ca642a40d79369d7c3ee645b64","id-c5327bffb10943f5928e89fabd1153a8",""
"id-4183401a3f6b4dfc9d7b887ddfd784b7","CompositionRelationship","","","id-4264a569a51a48d698f7b0a05ebadf41","id-96d378f5a5b244ee8f1fd476832c9e77",""
"id-ba307e677dcd4dd593b6ef20a9696b18","CompositionRelationship","","","id-9bd03d73387549bbbd85b5975ff60690","id-ae8d1522e85440c6b2ee20cf6dd410a8",""
"id-38adf95bf0d14cc99e2323f1f1b3f357","CompositionRelationship","","","id-241dc54c6a564f8ba65332efd8d9ff1b","id-2ccdcfd6dea14701b6e72b85c82d807c",""
"id-2e8d4dd9594749e2a650da335873f4ce","CompositionRelationship","","","id-f62fae9ce3174216828349cc2ee37677","id-df072947224b4138b86404db9ca2ffb5",""
"id-129238eb38ac484ba3e2771cab35bc7b","CompositionRelationship","","","id-c5327bffb10943f5928e89fabd1153a8","id-650549efc555493b9b099b87da0966f3",""
"id-c5aca3e3c2da4091825bcc2926e072e1","CompositionRelationship","","","id-7d7d078c20e74ece82ee36957b73f3a3","id-881bf64c71394890a9c992deca5c6c2f",""
"id-03dc0bbfd096415c932cfbc966eecd05","CompositionRelationship","","","id-219bd4fb0093441994ab886e3de5e20a","id-a507e325982a4b19bf33ea1e83ac441f",""
"id-a986faa224a64732963a2c1b09992282","CompositionRelationship","","","id-db8fc0fd71f044a597fb788e7a0e2233","id-94d809ef90bd40ff836d1a8f51d2a694",""
"id-8c53aa03afb64bb6b780e6e662c49001","CompositionRelationship","","","id-d8b4f627519641db8f437ec17c25e6d0","id-b4762516a4d249958887a543b452ccbe",""
"id-b9bd4734d7054dd0980312f524cde47a","CompositionRelationship","","","id-c57db3190db94cceba6b9f9e1b8da790","id-edbdfe92593a4ee8b339ca1493681811",""
"id-7c6c0fc288f44e69b1f7c25deabfb63f","CompositionRelationship","","","id-d0af6d84a8054b87b0981a5e1578bdf9","id-d971d1fcff574327a60c26c4733cd771",""
"id-eb9ff0faa2504027bec8dd678cb0ffa1","CompositionRelationship","","","id-50227bc388e8400d998bd448feda054e","id-01f3bcc9a2354d3b930c93ab4a35bc0b",""
"id-18c9954b868148629f96b1b4b9482eb5","CompositionRelationship","","","id-97fe20117ced45f4bca50c78bfba3a89","id-82159b8572734f8d862c479b52c51a0b",""
"id-e67af86699e74a8ba9cf59fb639da386","CompositionRelationship","","","id-73415a16fe184956b5f7a7bf60721b57","id-26e98a818f97456185459ae8b51257fd",""
"id-2abee58f63d94b17a86faa29f6b1b00f","CompositionRelationship","","","id-ae8d1522e85440c6b2ee20cf6dd410a8","id-6f1f23c8a7af449a80ee4bfdb34ff7a9",""
"id-e651da878f48447c9a3db1d31c3c7413","CompositionRelationship","","","id-97fe20117ced45f4bca50c78bfba3a89","id-afb667f567a9479f83b3c26bb9e69234",""
"id-5181f87bf4614af6b553560ca2b102ca","CompositionRelationship","","","id-ea14222f1fe54ef78e84ffe7767dead6","id-c4ef9eb8fdd4469499ea2286f5f5a04b",""
"id-2b9d6d7d665140be849fa1e15ffac763","CompositionRelationship","","","id-1c188bb315e54e92823b13d1785738cd","id-e562eb85779c4b8fa77aac2c560e7c34",""
"id-d5e3bac194974d7e995d4a0255a12fa8","CompositionRelationship","","","id-f62fae9ce3174216828349cc2ee37677","id-9af3d282343d4af08f412464581c557f",""
"id-9cc92f38d0354c65aaae0047dc949fed","CompositionRelationship","","","id-c5327bffb10943f5928e89fabd1153a8","id-96d2f90942d640d4ae1cedfd1ea37ace",""
"id-d8aebf386c8b44489e2455f823173517","CompositionRelationship","","","id-b6f8f6beedec4e678bb0efb92a4e64d0","id-ebe13fb82753491dbb669837ebe11274",""
"id-a9b4d42fb97c46dbb3dc7499d140bf32","CompositionRelationship","","","id-93942103c8bb491d87e4eed1902b138d","id-7d997197ed204e5c9fdeaa3b5229b250",""
"id-e1999f39dbcd4fed896a0c86b489d180","CompositionRelationship","","","id-a53612488d64410a97e2fd82e70c255a","id-adfaf86418a54ce9bf8703b7d5d5cd0c",""
"id-6b3be4af199f4130bdbe1bc037148cdd","CompositionRelationship","","","id-241dc54c6a564f8ba65332efd8d9ff1b","id-3024a5d0213e45f9a9067c41342d0831",""
"id-797e7138861a49c3986ef4e0151be421","CompositionRelationship","","","id-4264a569a51a48d698f7b0a05ebadf41","id-cdf0317c76824557b645138ee8858b68",""
"id-e36f689306654491a9a5206864164170","CompositionRelationship","","","id-4973788028b44c089b43e84bf8ce2247","id-5aa5dd85ed1f48d0863b5185f1ce3fe1",""
"id-8546c7f134f3415bae293a41a04f145e","CompositionRelationship","","","id-93942103c8bb491d87e4eed1902b138d","id-3e5a836bf6744fd0a675949a8ef8c70c",""
"id-4827d5366db34567a360292a60014a81","CompositionRelationship","","","id-c57db3190db94cceba6b9f9e1b8da790","id-50a8b05cea124e22897098d6298e6fc5",""
"id-ebeb5435fe6a4e7884d556bbf8af7fcf","CompositionRelationship","","","id-82b5337ec5cf4692ae3780e117de6b9e","id-db8fc0fd71f044a597fb788e7a0e2233",""
"id-934b05e1a5c04442b59cb97ef738913a","CompositionRelationship","","","id-24594cd3d95747308e772c69e647dd11","id-da3b7fabe6794f1d9a0b08a1774a9c81",""
"id-6681b1195d854350ad0e0668cdfd60b0","CompositionRelationship","","","id-1a9a6799b5f9401b9082b9e8264df885","id-d8b4f627519641db8f437ec17c25e6d0",""
"id-0ef7908e6b1c44a7a27149a15af00162","CompositionRelationship","","","id-d8b4f627519641db8f437ec17c25e6d0","id-f5192572ed9b44659cb297d3c2df87fe",""
"id-7b7a974e6eab4d02b1518b698aac34b8","CompositionRelationship","","","id-97fe20117ced45f4bca50c78bfba3a89","id-31e068f9791f4185806eacec9e71040b",""
"id-cbe704b236184ae8a97b775345ce40a1","CompositionRelationship","","","id-d09662d3c8de44bab2b6dae9fc9a92b0","id-04c43d44003542c28d79c62f1681076c",""
"id-67c0af6103934e92b8d6a9a242be798e","CompositionRelationship","","","id-82b5337ec5cf4692ae3780e117de6b9e","id-a7d50a90ab494e1c90f6bd377b7d23b6",""
"id-5acbedf9acac4143994889efed092ef1","CompositionRelationship","","","id-93942103c8bb491d87e4eed1902b138d","id-4a6fab6c8cc14b8ca24d18a0aae37490",""
"id-a565ab7ddd4746eda4f5d8bb04b46500","CompositionRelationship","","","id-48b41e9ec6c349eab832b710f178a4f8","id-fd02c24947024bde9201d8433fc6f65d",""
"id-1b895cd991b74587bded9bf17d4dc295","CompositionRelationship","","","id-6caa29aaebce4f3e8f3b15b5efb93610","id-14a01f12c98a4980b455e33c3260aa56",""
"id-85598d6ce1194c7cb898854af26723a0","CompositionRelationship","","","id-1a9a6799b5f9401b9082b9e8264df885","id-706f841cdcc3409c8d8d0361dfb92ee9",""
"id-7792a3a4f8af48328e90630eabf9789c","CompositionRelationship","","","id-a6f7d39a7adb467bb25f17be2959a11a","id-5fe6eb75cc704195bc770e91315aa55f",""
"id-8c68616aaaf34b249b5eff947102a32f","CompositionRelationship","","","id-4973788028b44c089b43e84bf8ce2247","id-3620177651c445409020965e300a5d16",""
"id-e5dba9a096f247dda3c0dab3a371800b","CompositionRelationship","","","id-f62fae9ce3174216828349cc2ee37677","id-053fea81353d463a97bc635e25201c60",""
"id-caa7e19e06264616b7ed3faf39ed8cf7","CompositionRelationship","","","id-a6f7d39a7adb467bb25f17be2959a11a","id-b96803df00c04ccc9764243f70e0c01d",""
"id-b23d9fb458964797b3139f03df9e7a50","CompositionRelationship","","","id-6ebb40cfcf4d45dd8bd69a01c9504772","id-24594cd3d95747308e772c69e647dd11",""
"id-78a2aa103dab4a7281524e7813bbcac7","CompositionRelationship","","","id-f62fae9ce3174216828349cc2ee37677","id-0b7feaa196c748c1b2710930ee1ec7f8",""
"id-abb7a13ee5f540dea198b4adbfbdaaf9","CompositionRelationship","","","id-fd02c24947024bde9201d8433fc6f65d","id-fe911d80073e4d29b8ed489b00f12bc1",""
"id-f6b3d26dd5cf462fb3447ec60fbd4442","CompositionRelationship","","","id-e9b444cd09f24733a1521733f669f6df","id-a30c7a011d8b4adfbbc3d8d73585a0d5",""
"id-5a7dde2ad8ab42af80f2e4d793226b94","CompositionRelationship","","","id-03eaa022562d4c22824096bad91bb9cc","id-096c196374b142d091a24ec175654517",""
"id-789cf2ca923c4ce3a885defc255ae58b","CompositionRelationship","","","id-c5327bffb10943f5928e89fabd1153a8","id-e07f27f14f8a437882ad563e84a38c8f",""
"id-3b0e361019244c90b57cc276f852a1c6","CompositionRelationship","","","id-956d39e96e864103a358888355767b65","id-4d4aa521755c4b768894dc0b87d1fe33",""
"id-d1add39f62564d53a3503be3563988ac","CompositionRelationship","","","id-ae8d1522e85440c6b2ee20cf6dd410a8","id-4d7f2b2bfffe485282be5d3886fb8caa",""
"id-4ff4e48229fa46c8a63e43f3d8b57981","CompositionRelationship","","","id-97fe20117ced45f4bca50c78bfba3a89","id-5d58256c718a456585ab386fdf66e689",""
"id-4d92e093c4db4a69b2ff961c4f051e39","CompositionRelationship","","","id-48b41e9ec6c349eab832b710f178a4f8","id-b6f8f6beedec4e678bb0efb92a4e64d0",""
"id-c17dfbc1122149bd817a39fdbc5e425b","CompositionRelationship","","","id-6259b4ca642a40d79369d7c3ee645b64","id-8f2ba0e02f6d4c98b5184393a4d91e0e",""
"id-eb33bf4f8c4947aa8c6c70fe6922c76c","CompositionRelationship","","","id-67eb04eaa5154207a732112ff213560d","id-7d7d078c20e74ece82ee36957b73f3a3",""
"id-5640f1e810884b369181362725ee8ea7","CompositionRelationship","","","id-4264a569a51a48d698f7b0a05ebadf41","id-c242dc22bbe04035a960441e41198969",""
"id-e9673db245044993b102438ecbddff0b","CompositionRelationship","","","id-f1515cba52e042f591fed76077eec1e6","id-0eaa689404bd4d29bc56447f4e2dd339",""
"id-63e8881bc14a4f588531cfc6aa6c936f","CompositionRelationship","","","id-6ebb40cfcf4d45dd8bd69a01c9504772","id-c2ab9c8b38be48ce81ddbdbe8f4b4393",""
"id-5c5180e0ceda420aa802849c756bbbd4","CompositionRelationship","","","id-4973788028b44c089b43e84bf8ce2247","id-a917dd9f933a4caea16f13ba902a5943",""
"id-72796f4a5cc440c7bf8927daea512c29","CompositionRelationship","","","id-c57db3190db94cceba6b9f9e1b8da790","id-f4186ea3554e4a67b4081a9ea1149237",""
"id-bd99f0e96dc04fa7a471951838f7aee2","CompositionRelationship","","","id-acef0b7a7f3142b99a099733454b6486","id-9e6535329ad14dc2b45e204422ed7d11",""
"id-8c6101f57fdb4547a5108596522ce3e4","CompositionRelationship","","","id-24fc1a0c8be742ec9ad49a46b80d8868","id-acef0b7a7f3142b99a099733454b6486",""
"id-f145ef99529c4716ad3fe1f621517ffe","CompositionRelationship","","","id-67eb04eaa5154207a732112ff213560d","id-a53612488d64410a97e2fd82e70c255a",""
"id-3745a689a9b64eb8a9bcb0dead497604","CompositionRelationship","","","id-a7d50a90ab494e1c90f6bd377b7d23b6","id-d90f162170f84a14a1e50551e7a940ea",""
"id-52f52a5f53d540b682f7bc6e939b40e2","CompositionRelationship","","","id-d0af6d84a8054b87b0981a5e1578bdf9","id-6caa29aaebce4f3e8f3b15b5efb93610",""
"id-14b3119f86a34e42a9f1c3f3c0200a3d","CompositionRelationship","","","id-8f2ba0e02f6d4c98b5184393a4d91e0e","id-0afeff52c59d45d5b0230228d8c34b8b",""
"id-c83e12ff9daf4da7b2a80322621c1dff","CompositionRelationship","","","id-c050c67dc53f4a69b920d7dcdf59f4d9","id-8f7dd9133a5e444ca4fd3e460bde2bdc",""
"id-81ff099203dc4ea2b254eaf9f9ea520c","CompositionRelationship","","","id-9f97a962e4de41f48c58a2abc882aaea","id-f2afebb7105f48559e01b913333ac4e0",""
"id-af61f2943a504ae89c7c638b7093efd8","CompositionRelationship","","","id-73415a16fe184956b5f7a7bf60721b57","id-6c525445d1e04eb38fad5ef5b6577d9c",""
"id-e38f98bcfdc646e4b3a692a82ff2cad7","CompositionRelationship","","","id-a6f7d39a7adb467bb25f17be2959a11a","id-2668059fd6ac4adb9e3ffa85b208af7c",""
"id-e20e2f369f5e410bbb18489771c38571","CompositionRelationship","","","id-d09662d3c8de44bab2b6dae9fc9a92b0","id-349cf6526f8e45d6bebf3667cd53ad8b",""
"id-25d67159d6da4eb187ce3314b9129ed8","CompositionRelationship","","","id-9bd03d73387549bbbd85b5975ff60690","id-ae0d19a6c65a4bbb97a3a06688749577",""
"id-4357bb9b36d848b4be4bd8165609c1a0","CompositionRelationship","","","id-d971d1fcff574327a60c26c4733cd771","id-cae1b66d318a4dcbbf4923c6c2e133ba",""
"id-0d2655506a5c4cc093f1bf555f7bfa58","CompositionRelationship","","","id-d09662d3c8de44bab2b6dae9fc9a92b0","id-1c2a6100ff3642a2af8fa4916959276d",""
"id-b477f26e70ac4a6daf5839ef0273c869","CompositionRelationship","","","id-7d7d078c20e74ece82ee36957b73f3a3","id-eac763453a2741d983755510f9070b1f",""
"id-406831b5fdfb46e682c22562ba6bba5a","CompositionRelationship","","","id-93942103c8bb491d87e4eed1902b138d","id-469febbbe6e542ed97b67e1f94be9d24",""
"id-7dedb8c1d7d14a6b84e447c5add25f9d","CompositionRelationship","","","id-a53612488d64410a97e2fd82e70c255a","id-3af3975ccd474d93b8afda9f61057db7",""
"id-079577d3e2d74061ab30c5728111e674","CompositionRelationship","","","id-ae8d1522e85440c6b2ee20cf6dd410a8","id-1fc2791d907f48e5a657a74670fd6008",""
"id-28a07cbf53f3429ab0306fc597c0b16e","CompositionRelationship","","","id-24fc1a0c8be742ec9ad49a46b80d8868","id-e9b444cd09f24733a1521733f669f6df",""
"id-b4f2eee69122410193d18d2a54c51ad0","CompositionRelationship","","","id-c2ab9c8b38be48ce81ddbdbe8f4b4393","id-4d0e783f5b5b460b8007f948daef103f",""
"id-c4c7e723ee1b430e94c8565469ba7eda","CompositionRelationship","","","id-6259b4ca642a40d79369d7c3ee645b64","id-d09662d3c8de44bab2b6dae9fc9a92b0",""
"id-26a1802b3a7f4a7d9d9ee48e764dc636","CompositionRelationship","","","id-97fe20117ced45f4bca50c78bfba3a89","id-745e2c8790e84e6bb257f20f485e8c63",""
"id-d6e4ed0191b649e7b85f64e79e7f46e8","CompositionRelationship","","","id-e9b444cd09f24733a1521733f669f6df","id-6e5857662e4f417f934cfc81d3e76d45",""
"id-7fb45bbf851d47a48f46088a8f5c7154","CompositionRelationship","","","id-c5327bffb10943f5928e89fabd1153a8","id-ced33c3dad034e5a946e9ccf8a7dbdce",""
"id-323f3947a9824efd950ce4e27fbf6dd6","CompositionRelationship","","","id-c050c67dc53f4a69b920d7dcdf59f4d9","id-af10d8558fc749c2a19d94d144b82098",""
"id-6fc87979df614072a0b0ccd9f4d8d96d","CompositionRelationship","","","id-e69bb876d58044e4a358d77254a6467d","id-97fe20117ced45f4bca50c78bfba3a89",""
"id-96dde0fe051240f096bdfef86832a742","CompositionRelationship","","","id-48b41e9ec6c349eab832b710f178a4f8","id-a09af2c21f15471b95368b34ea23d4e9",""
"id-7cef20c27f3b42ef91e36f80358faa78","CompositionRelationship","","","id-97fe20117ced45f4bca50c78bfba3a89","id-f1194ed02be045858638e0b70431f1e5",""
"id-b853ac21ad0944d68233956c66dec19a","CompositionRelationship","","","id-db8fc0fd71f044a597fb788e7a0e2233","id-d7e35f6d7c7d49059a2a5ec1f52d4369",""
"id-0ee3f9d0564b43169f073184d0a80d7e","CompositionRelationship","","","id-6caa29aaebce4f3e8f3b15b5efb93610","id-bd57ad3b78b942638443ecf40586aa25",""
"id-4e70f29c1ac14f7a926879cdcf19f0f1","CompositionRelationship","","","id-706f841cdcc3409c8d8d0361dfb92ee9","id-35a7fe3a0884468184560607cf077898",""
"id-f5c665fde1c446ca8b8fbd5695576c3a","CompositionRelationship","","","id-219bd4fb0093441994ab886e3de5e20a","id-0b090b566e584fba96e73cb3fcc79a04",""
"id-400451290fc24dc28fea7e6eac2df617","CompositionRelationship","","","id-f1515cba52e042f591fed76077eec1e6","id-ea14222f1fe54ef78e84ffe7767dead6",""
"id-db3d1e165159444bb64933917f867815","CompositionRelationship","","","id-2089d6f53a9a4cfd8026914d59525ce8","id-d99342ffb25140d6b4a5fec83568a454",""
"id-7445fea099fb4e4a9e817216f30a2bb0","CompositionRelationship","","","id-9f97a962e4de41f48c58a2abc882aaea","id-2c6bb1c228ff4a84b8965b0ee67452e6",""
"id-60e66134e2d64267b535ba37d75a9c40","CompositionRelationship","","","id-a09af2c21f15471b95368b34ea23d4e9","id-696d8434c8074d1faa1db62cd3e9cb06",""
"id-65813e19579e44adbb5a0cfd83533e90","CompositionRelationship","","","id-e69bb876d58044e4a358d77254a6467d","id-4973788028b44c089b43e84bf8ce2247",""
"id-dde3d39486944fb481d7d3c518de6c21","CompositionRelationship","","","id-a53612488d64410a97e2fd82e70c255a","id-f2873915d90946b09100b2689abd4046",""
"id-f5d421607cb54901bdf6404f81f8a26c","CompositionRelationship","","","id-e9b444cd09f24733a1521733f669f6df","id-3fa5ffd322f64b0e971fb2a19da6bc57",""
"id-713e84aef8c3444b88596dced7a90a29","CompositionRelationship","","","id-24594cd3d95747308e772c69e647dd11","id-c690572860e0495889f570acbab097b6",""
"id-5ed0759b7949406795ff7ba926130f7a","CompositionRelationship","","","id-1a9a6799b5f9401b9082b9e8264df885","id-c57db3190db94cceba6b9f9e1b8da790",""
"id-48b677d175f5414bb137f5f229767f40","CompositionRelationship","","","id-a53612488d64410a97e2fd82e70c255a","id-30ab34a90b434473834c47d96ad6ab05",""
"id-74165cee940942a8b91f1cc3dc44d443","CompositionRelationship","","","id-e69bb876d58044e4a358d77254a6467d","id-93942103c8bb491d87e4eed1902b138d",""
"id-96c6f41638b7401b9181d6031cdeb85b","CompositionRelationship","","","id-f62fae9ce3174216828349cc2ee37677","id-d81a8a65e5f6414e8da1bd5d21d0a02d",""
"id-172ed4615ae345a09fe4b1cde8a4e644","CompositionRelationship","","","id-a7d50a90ab494e1c90f6bd377b7d23b6","id-ebbcc7924a5e46e28e99642c842d91a3",""
"id-43cac6d78c3848c0a453fa45d390625b","CompositionRelationship","","","id-c66353c42a6f4ba7bb646becc41e9426","id-219bd4fb0093441994ab886e3de5e20a",""
"id-52a43a3a12ce44b2a3bb2fad8dd58d9b","CompositionRelationship","","","id-a7d50a90ab494e1c90f6bd377b7d23b6","id-bcc709a6b7aa4416ad24d2f7789dc3d5",""
"id-1b0db6b3cdec4a748c3ce68607470328","SpecializationRelationship","","","id-3852a625614843aba07534987ede06dd","id-2027f24532d54a0d8b3aada900fc7667",""
"id-2fa543044f6e4515843bb940bad18077","SpecializationRelationship","","","id-d6639c4cd6c946e99303c97df4e1219d","id-f093fcef204a435fa30cdb14d5d734e9",""
"id-8beb74c7a0ea428c9ef294a65d264042","SpecializationRelationship","","","id-6f583e58ccab449fb55aae9672adb1f2","id-f093fcef204a435fa30cdb14d5d734e9",""
"id-e83503f3cb8b460cb9c1524726e60c0e","SpecializationRelationship","","","id-51307ff3136d4c8cb281366667b2dc83","id-2027f24532d54a0d8b3aada900fc7667",""
"id-16af6859315043b4a6317c8a8ae0758d","SpecializationRelationship","","","id-7fa9e87c6fac464791567d442bcef31e","id-f093fcef204a435fa30cdb14d5d734e9",""
"id-024163c524ba4b8585ac9081c1c2431a","SpecializationRelationship","","","id-9485819f0aa84501899f54c900bcb085","id-6f583e58ccab449fb55aae9672adb1f2",""
"id-0e3635bf9ce2464db5634863fe14555d","SpecializationRelationship","","","id-4dc479ad713f4df0bd460cedcbea0f6d","id-2027f24532d54a0d8b3aada900fc7667",""
"id-05c86955cd7c40269a82eb0a3e8096a2","SpecializationRelationship","","","id-21207f2197904cd1aeded9d6a09f6162","id-2027f24532d54a0d8b3aada900fc7667",""
"id-40452ab095244cad9f47eda8b07ca1a8","SpecializationRelationship","","","id-ef239d11719944ca92fc7cc90a81e1a2","id-2027f24532d54a0d8b3aada900fc7667",""
"id-edfdd1addda3409fa3aab6a98566421b","SpecializationRelationship","","","id-7076a711a21a4214a9981f6212454d37","id-f093fcef204a435fa30cdb14d5d734e9",""
"id-bd5dd864c0324092af4577b42793656c","SpecializationRelationship","","","id-990d7875b18a4c28b621a53cab7c96ea","id-2027f24532d54a0d8b3aada900fc7667",""